classifier,accuracy,weighted_f1,support
1A,0.9766666666666667,0.977514725711447,300.0
1B,0.9766666666666667,0.9766451810926948,300.0
2A,0.9533333333333334,0.9534448079108037,300.0
2B,0.9366666666666666,0.9322285655821565,300.0
2C,0.9033333333333333,0.8920888696182814,300.0
3A,0.98,0.979229972925625,300.0
4A,0.86,0.8498808336894079,300.0
